{"v":"5.6.5","fr":60,"ip":0,"op":120,"w":1024,"h":1024,"nm":"01_Loading Animation 2","ddd":0,"assets":[],"layers":[{"ddd":0,"ind":1,"ty":4,"nm":"Oval 2","sr":1,"ks":{"p":{"a":1,"k":[{"i":{"x":0.34,"y":1},"o":{"x":0.333,"y":0},"t":0,"s":[362,512,0],"to":[50,0,0],"ti":[0,0,0]},{"i":{"x":0.667,"y":1},"o":{"x":0.66,"y":0},"t":60,"s":[662,512,0],"to":[0,0,0],"ti":[50,0,0]},{"t":120,"s":[362,512,0]}]},"s":{"a":0,"k":[95,95,100]}},"ao":0,"shapes":[{"ty":"gr","it":[{"d":1,"ty":"el","s":{"a":0,"k":[300,300]},"p":{"a":0,"k":[0,0]},"nm":"Ellipse Path 1","hd":false},{"ty":"st","c":{"a":0,"k":[0.180391997099,0.184313997626,0.188234999776,1]},"o":{"a":0,"k":100},"w":{"a":0,"k":20},"lc":1,"lj":1,"ml":4,"bm":0,"nm":"Stroke 1","hd":false},{"ty":"fl","c":{"a":0,"k":[1,1,1,1]},"o":{"a":0,"k":100},"r":1,"bm":0,"nm":"Fill 1","hd":false},{"ty":"tr","p":{"a":0,"k":[0,0]},"a":{"a":0,"k":[0,0]},"s":{"a":0,"k":[100,100]},"r":{"a":0,"k":0},"o":{"a":0,"k":100},"sk":{"a":0,"k":0},"sa":{"a":0,"k":0},"nm":"Transform"}],"nm":"Oval","bm":0,"hd":false}],"ip":60,"op":120,"st":0,"bm":0},{"ddd":0,"ind":2,"ty":4,"nm":"Oval Copy 2","sr":1,"ks":{"p":{"a":1,"k":[{"i":{"x":0.335,"y":1},"o":{"x":0.333,"y":0},"t":0,"s":[662,512,0],"to":[-50,0,0],"ti":[0,0,0]},{"i":{"x":0.667,"y":1},"o":{"x":0.665,"y":0},"t":60,"s":[362,512,0],"to":[0,0,0],"ti":[-50,0,0]},{"t":120,"s":[662,512,0]}]}},"ao":0,"shapes":[{"ty":"gr","it":[{"d":1,"ty":"el","s":{"a":0,"k":[300,300]},"p":{"a":0,"k":[0,0]},"nm":"Ellipse Path 1","hd":false},{"ty":"fl","c":{"a":0,"k":[0.180335998535,0.184229001403,0.188448995352,1]},"o":{"a":0,"k":100},"r":1,"bm":0,"nm":"Fill 1","hd":false},{"ty":"tr","p":{"a":0,"k":[0,0]},"a":{"a":0,"k":[0,0]},"s":{"a":0,"k":[100,100]},"r":{"a":0,"k":0},"o":{"a":0,"k":100},"sk":{"a":0,"k":0},"sa":{"a":0,"k":0},"nm":"Transform"}],"nm":"Oval Copy","bm":0,"hd":false}],"ip":60,"op":120,"st":0,"bm":0},{"ddd":0,"ind":3,"ty":4,"nm":"Oval Copy","sr":1,"ks":{"p":{"a":1,"k":[{"i":{"x":0.335,"y":1},"o":{"x":0.333,"y":0},"t":0,"s":[662,512,0],"to":[-50,0,0],"ti":[0,0,0]},{"i":{"x":0.667,"y":1},"o":{"x":0.665,"y":0},"t":60,"s":[362,512,0],"to":[0,0,0],"ti":[-50,0,0]},{"t":120,"s":[662,512,0]}]}},"ao":0,"shapes":[{"ty":"gr","it":[{"d":1,"ty":"el","s":{"a":0,"k":[300,300]},"p":{"a":0,"k":[0,0]},"nm":"Ellipse Path 1","hd":false},{"ty":"fl","c":{"a":0,"k":[0.180335998535,0.184229001403,0.188448995352,1]},"o":{"a":0,"k":100},"r":1,"bm":0,"nm":"Fill 1","hd":false},{"ty":"tr","p":{"a":0,"k":[0,0]},"a":{"a":0,"k":[0,0]},"s":{"a":0,"k":[100,100]},"r":{"a":0,"k":0},"o":{"a":0,"k":100},"sk":{"a":0,"k":0},"sa":{"a":0,"k":0},"nm":"Transform"}],"nm":"Oval Copy","bm":0,"hd":false}],"ip":0,"op":60,"st":0,"bm":0},{"ddd":0,"ind":4,"ty":4,"nm":"Oval","sr":1,"ks":{"p":{"a":1,"k":[{"i":{"x":0.34,"y":1},"o":{"x":0.333,"y":0},"t":0,"s":[362,512,0],"to":[50,0,0],"ti":[0,0,0]},{"i":{"x":0.667,"y":1},"o":{"x":0.66,"y":0},"t":60,"s":[662,512,0],"to":[0,0,0],"ti":[50,0,0]},{"t":120,"s":[362,512,0]}]},"s":{"a":0,"k":[95,95,100]}},"ao":0,"shapes":[{"ty":"gr","it":[{"d":1,"ty":"el","s":{"a":0,"k":[300,300]},"p":{"a":0,"k":[0,0]},"nm":"Ellipse Path 1","hd":false},{"ty":"st","c":{"a":0,"k":[0.180391997099,0.184313997626,0.188234999776,1]},"o":{"a":0,"k":100},"w":{"a":0,"k":20},"lc":1,"lj":1,"ml":4,"bm":0,"nm":"Stroke 1","hd":false},{"ty":"fl","c":{"a":0,"k":[1,1,1,1]},"o":{"a":0,"k":100},"r":1,"bm":0,"nm":"Fill 1","hd":false},{"ty":"tr","p":{"a":0,"k":[0,0]},"a":{"a":0,"k":[0,0]},"s":{"a":0,"k":[100,100]},"r":{"a":0,"k":0},"o":{"a":0,"k":100},"sk":{"a":0,"k":0},"sa":{"a":0,"k":0},"nm":"Transform"}],"nm":"Oval","bm":0,"hd":false}],"ip":0,"op":60,"st":0,"bm":0}],"markers":[]}